R,G,B,Label
44.3978,71.8082,42.4551,0
42.9866,67.0876,35.9903,0
42.189,63.5094,32.4436,0
38.0983,44.2466,15.8,0
38.2071,55.7503,23.8798,0
32.2706,37.4279,13.863,0
29.6428,29.5333,7.1019,0
27.923,40.9247,17.5945,0
29.2995,69.9336,41.0025,0
28.7448,65.8137,45.7319,0
26.6877,72.5821,54.4924,0
28.0911,76.457,56.9627,0
45.0607,101.7728,84.8201,0
37.5451,78.5475,48.3059,0
35.8983,51.7593,17.4743,0
24.4967,32.9218,6.6875,0
22.9846,36.6224,12.5651,0
24.6592,72.6545,70.216,0
20.5436,72.7088,70.7892,0
27.0965,111.2342,99.9451,0
30.5558,79.2886,52.6734,0
23.6849,34.1858,7.4179,0
27.1233,53.2854,26.8432,0
28.0042,63.2499,40.4066,0
22.8816,52.1143,28.2447,0
26.2291,64.9199,48.7945,0
28.0424,89.8742,78.4977,0
35.4434,96.2602,73.7939,0
32.6439,64.8172,39.2461,0
30.406,74.8592,51.3462,0
33.8613,70.3083,44.9786,0
33.3676,71.0908,46.7283,0
33.2165,79.2373,56.4838,0
36.4921,81.9595,57.8183,0
31.1729,52.0608,23.9839,0
35.2549,73.0856,50.6488,0
33.7344,57.9463,26.5237,0
31.4873,63.1867,40.2824,0
42.5831,92.2674,80.3128,0
35.6038,45.4098,21.6711,0
46.7256,95.9358,63.6452,0
38.6656,53.8308,24.2149,0
39.6896,55.8653,25.3344,0
38.4906,57.3187,30.521,0
32.4341,40.5857,12.0743,0
25.1378,24.5331,3.4485,0
28.3852,37.8229,12.3671,0
28.877,70.2493,49.3431,0
28.9791,76.3201,58.0857,0
30.1945,73.671,57.8077,0
29.7322,60.2289,38.4371,0
22.2082,48.2903,34.3151,0
30.2578,80.7761,62.1647,0
25.6982,53.7265,33.1219,0
23.8912,39.1514,18.3827,0
21.8757,38.9339,34.0766,0
27.0279,73.8164,74.93,0
24.2941,77.2275,71.6553,0
25.8586,82.0356,62.1726,0
23.2803,43.8925,20.4245,0
22.9743,57.0244,35.8844,0
29.0887,71.2238,43.7829,0
26.4499,63.2302,41.4602,0
26.6823,67.6258,47.8595,0
21.2737,52.5943,35.0648,0
25.7058,78.4963,56.5304,0
29.3893,75.2829,51.2682,0
32.8338,65.4369,40.0477,0
26.9242,51.4957,27.1648,0
27.694,53.1916,25.5942,0
28.1592,51.5894,27.0632,0
35.0708,91.9037,72.8336,0
30.8478,62.5476,39.1557,0
28.468,52.3817,29.5358,0
21.318,22.5332,2.8788,0
30.5739,58.3492,34.6353,0
41.1452,128.5809,117.4289,0
29.5936,52.999,33.3694,0
35.5107,39.7604,16.2955,0
36.1147,48.1936,24.9409,0
32.8233,40.8436,16.7452,0
37.3839,66.5298,42.7755,0
31.6702,44.4014,17.837,0
32.9214,55.8861,31.0135,0
30.0794,38.2906,13.0768,0
32.9263,72.6322,49.4632,0
30.8351,83.6154,64.4227,0
29.5579,61.685,36.9708,0
38.2512,94.8711,81.4295,0
21.8921,44.2203,23.7497,0
26.0638,58.1466,37.5591,0
25.4896,53.7868,26.8479,0
25.5402,56.5177,30.9861,0
21.5159,36.5758,16.8308,0
23.7024,60.8382,46.7749,0
29.1568,70.7548,51.2364,0
29.2169,66.1059,44.019,0
25.3154,58.9251,36.5875,0
24.732,48.8942,23.5669,0
23.6244,48.046,26.4657,0
29.3505,83.3982,60.5267,0
31.2396,83.6584,63.6904,0
30.9926,92.7854,69.7747,0
28.6516,58.3089,32.2198,0
25.5608,48.8261,21.6674,0
26.9399,52.2101,24.7758,0
37.1623,80.3797,54.4179,0
28.2593,51.281,24.4321,0
28.1585,51.2703,24.2667,0
30.1892,58.2014,31.3729,0
34.095,82.7278,57.2364,0
32.0673,57.4778,31.9078,0
32.9688,62.8265,41.7857,0
25.8047,35.667,11.7858,0
28.5062,57.1316,31.5051,0
54.986,118.543,121.4649,0
43.6641,101.2795,90.23,0
36.3551,43.0887,15.3202,0
45.3794,77.4758,48.6735,0
39.373,70.1888,42.1068,0
31.7857,47.222,24.5812,0
30.9358,48.1818,21.3554,0
31.6256,65.9996,43.9092,0
30.1653,58.223,34.7578,0
34.6027,95.0871,70.9019,0
27.198,78.425,56.3289,0
25.5521,59.3628,37.5151,0
24.8849,92.0988,80.9795,0
32.7956,64.4396,46.46,0
27.7837,54.2856,28.3246,0
20.7706,34.5004,6.2908,0
22.2355,33.7605,10.6432,0
25.206,76.728,60.228,0
23.5073,65.1128,48.449,0
20.3374,49.0767,31.5179,0
19.0818,23.7077,5.627,0
19.6489,28.058,5.7928,0
22.2389,80.3504,63.4051,0
24.904,59.5397,38.502,0
26.758,92.1017,76.5092,0
30.1784,88.1845,71.0915,0
29.9599,74.401,47.3898,0
25.3161,35.8947,12.7047,0
26.0811,45.8821,22.3121,0
27.1671,45.4933,20.8124,0
30.5546,70.7318,46.2872,0
30.9102,64.0273,38.6322,0
28.0782,44.1265,16.5297,0
30.127,58.6479,30.955,0
30.4785,59.2027,35.5532,0
34.2522,74.1858,55.3012,0
33.4089,82.3905,62.3931,0
28.7364,34.1853,7.3501,0
29.2993,45.8459,20.407,0
41.6196,86.6303,59.6839,0
29.1108,61.7227,37.0102,0
37.5183,44.4387,15.5186,0
40.3467,73.398,44.4177,0
44.051,94.0298,65.2333,0
39.3409,56.3202,26.0107,0
32.8422,40.3592,11.9019,0
26.8655,43.8578,21.6043,0
34.3751,98.8363,73.6052,0
28.4164,80.8234,53.9278,0
26.2082,60.94,34.71,0
24.0845,48.3371,27.7449,0
24.2672,70.3308,54.753,0
24.2044,59.1653,43.7376,0
22.5194,32.8632,9.9697,0
27.0036,36.4824,8.5609,0
18.5235,20.9218,1.9806,0
20.7176,76.1304,68.7756,0
18.7471,57.1509,41.3853,0
21.4371,37.1733,16.6881,0
19.3454,23.8596,3.7045,0
19.5367,23.8914,4.5029,0
22.9528,49.2637,28.4385,0
25.0408,55.8155,34.6381,0
27.8977,87.1458,72.1005,0
31.6498,74.3673,49.9557,0
30.268,56.0917,24.5889,0
29.6884,44.3491,15.1206,0
30.4121,46.0637,16.4097,0
32.8094,58.9554,32.3586,0
32.3421,54.9664,30.3571,0
31.2994,51.5113,20.3133,0
27.5143,47.6723,24.8848,0
28.0371,55.44,34.7431,0
37.7073,88.0075,63.735,0
30.2813,56.7035,33.9408,0
31.8532,65.8468,43.7443,0
29.5374,47.4082,21.3963,0
32.0157,51.3689,24.5529,0
39.475,74.2103,46.7178,0
40.4162,88.5976,62.6238,0
73.2095,82.8288,57.1051,1
58.2887,73.4279,46.767,1
45.3681,84.7523,62.0274,0
39.7986,76.4825,52.3713,0
39.0555,71.331,43.3671,0
30.6866,51.1823,24.1902,0
28.8445,76.0345,52.1967,0
28.8455,77.9857,59.8291,0
24.4351,48.3209,27.6315,0
31.2422,72.2765,63.3826,0
24.7224,57.3037,45.5362,0
26.2221,90.3844,77.2009,0
21.9321,39.6679,17.3501,0
21.7686,30.7925,7.0399,0
19.5892,21.6114,3.0039,0
24.6275,59.8164,44.9866,0
19.9429,28.3034,8.5857,0
21.8271,28.5854,5.7394,0
25.82,33.4003,8.2037,0
18.1182,21.9761,2.4566,0
18.0148,21.604,3.4738,0
16.588,24.1242,7.125,0
15.4752,39.3624,25.2548,0
18.9779,46.8479,27.1982,0
17.7331,27.4307,8.1774,0
18.2483,21.7222,2.5483,0
20.43,36.5603,8.1362,0
24.7694,32.6474,6.417,0
23.8302,29.6095,6.5563,0
24.4876,31.6677,9.1041,0
44.0494,102.3692,78.7072,0
40.1677,81.9244,57.2099,0
35.4999,73.7786,50.2972,0
23.4187,29.3868,5.6495,0
27.1882,37.4665,11.2305,0
29.762,41.7569,14.441,0
27.2382,40.2492,18.2188,0
35.3869,51.6697,22.3775,0
33.5661,65.6981,41.621,0
139.1185,131.1225,94.812,2
137.0074,131.135,96.7254,2
92.6608,102.3111,75.1985,1
49.7776,101.3608,86.4793,0
32.3442,77.7041,56.2624,0
33.2809,98.2782,75.52,0
33.5363,81.2619,55.3406,0
28.4317,39.89,14.8196,0
28.0447,53.2089,30.2395,0
45.067,103.1135,93.7064,0
29.1195,49.7629,22.2862,0
28.9607,63.7865,40.1935,0
19.6586,28.6043,9.7807,0
23.0152,30.4181,7.9912,0
16.239,17.467,1.7987,0
22.8482,38.066,21.5805,0
26.4596,50.7566,52.1991,0
16.1331,17.7746,2.5538,0
17.1227,20.0213,2.813,0
22.8412,37.6207,17.0651,0
23.108,48.6952,25.1632,0
19.6185,43.6051,21.4578,0
22.4636,49.8612,28.8893,0
22.7596,52.1584,29.9806,0
21.9783,26.0857,6.254,0
31.1741,32.4967,14.6005,0
36.7748,40.9739,21.6546,0
38.5652,42.1922,21.8942,0
41.769,46.1511,28.4629,0
40.9424,48.3077,34.2157,0
35.0278,44.826,26.3334,0
31.2885,59.015,38.5208,0
31.3009,55.0284,34.513,0
22.7141,34.7827,21.1983,0
27.0962,40.437,21.5531,0
21.1464,26.8903,9.4306,0
42.9787,82.2995,62.0279,0
34.5981,61.2368,38.3142,0
34.1337,60.8627,34.478,0
68.2682,110.0359,95.0148,0
89.2899,124.4984,113.5789,1
142.9178,168.6277,171.9123,2
127.2561,150.4853,151.1414,2
58.4986,128.8603,125.7148,1
34.3335,77.4106,52.4423,0
27.2758,34.7237,10.9159,0
25.1333,33.3223,10.4672,0
23.4981,32.4183,9.9268,0
26.7911,84.7247,68.6244,0
25.4626,38.0244,14.5409,0
21.3786,29.0544,5.2542,0
21.8397,53.6956,37.8496,0
22.6259,38.4213,14.5102,0
24.3058,42.5731,22.0333,0
22.8132,44.5795,20.9109,0
21.3616,32.9332,16.6341,0
15.7066,21.5127,5.9321,0
20.2863,28.0788,9.4431,0
23.005,72.389,62.4661,0
23.9074,59.8892,41.468,0
19.8578,27.5893,6.1847,0
27.0707,34.8302,20.3814,0
34.6292,34.7932,19.1866,1
59.9857,59.8852,40.3528,1
85.9257,80.2112,47.7953,2
105.7248,94.8116,55.2911,2
111.9208,99.3328,55.8568,2
113.4541,106.8581,75.3181,2
109.5685,131.117,128.8734,2
83.0041,130.7255,141.0566,1
56.2611,125.9348,140.7698,1
38.7978,125.8532,136.5136,1
26.8668,85.167,77.803,0
28.8716,91.5336,80.4894,0
31.163,83.4134,72.0979,0
24.6089,50.2353,33.1541,0
31.4877,80.5093,68.391,0
52.3212,121.4868,106.2102,0
57.3506,92.0199,78.7604,0
54.5214,74.2338,54.9322,0
64.5542,93.1638,76.483,0
123.8163,140.449,134.6093,2
122.715,143.8803,139.8836,2
50.8243,113.3573,107.7954,1
35.4673,93.6809,70.7172,0
27.7281,41.6388,18.661,0
30.39,86.3597,62.0693,0
27.2562,73.7965,54.2317,0
26.614,56.2011,33.6823,0
18.204,34.3338,11.5985,0
20.4224,81.2039,67.1658,0
21.8686,35.865,19.5947,0
19.1369,29.8975,13.4896,0
23.3511,71.9541,48.6985,0
18.1009,23.6192,5.3085,0
21.3533,37.8153,17.1429,0
25.8933,70.7958,51.7117,0
23.6457,47.707,23.069,0
18.184,20.6532,4.337,0
29.8409,28.1256,13.4718,0
55.9206,53.8379,33.7406,1
96.5485,85.4767,46.2239,2
96.9084,86.4868,47.7015,2
61.998,90.5335,62.15,2
49.1925,59.2949,39.0018,1
43.6171,69.4538,51.9904,1
51.0173,59.4476,38.8581,1
77.8004,97.7567,80.6159,1
123.9502,162.4612,174.9909,2
145.4742,181.9157,199.5547,2
101.4961,164.7512,183.9641,1
66.9365,149.0827,175.5204,1
29.4049,123.5577,132.4172,0
25.9565,122.3187,121.6573,0
35.9462,96.5565,80.733,0
27.4052,71.9193,55.2118,0
38.1367,108.8404,96.5496,0
46.0955,87.5839,75.7427,0
51.474,112.8381,101.6447,0
40.3647,63.716,44.1643,0
53.6098,74.1516,55.2827,0
133.164,143.8097,134.6293,2
97.7391,115.8824,101.0535,1
38.4555,86.241,69.4017,0
29.5251,78.7213,64.3936,0
29.5807,61.1544,41.4466,0
19.9325,56.0744,37.7024,0
24.1497,83.7876,65.1616,0
20.9035,48.5276,24.9039,0
22.6589,71.7592,49.3536,0
23.8113,46.1278,28.3849,0
14.1536,16.1832,2.3699,0
21.1608,41.2949,19.5895,0
21.4499,52.8119,29.7421,0
25.5444,54.1355,27.8952,0
20.9965,29.012,6.8504,0
21.1623,22.7887,6.4275,0
40.416,38.9823,25.4366,1
76.7688,67.8558,36.1254,2
91.5234,80.4043,41.1912,2
46.1879,74.7583,50.5175,1
28.8031,92.7936,77.3879,0
24.0215,102.8655,97.8198,0
26.1444,54.0215,41.4168,0
33.0581,132.4034,129.0645,0
27.037,61.9751,51.2957,0
31.1078,88.1797,76.4684,0
33.1848,92.5971,81.2814,0
61.1201,103.0703,101.797,0
138.0774,166.1015,177.5801,2
136.6087,176.1792,193.1712,2
65.9803,157.3141,171.2767,1
30.8954,86.8453,71.9188,0
29.1421,114.6215,107.6476,0
31.0856,112.7491,112.0473,0
30.9855,98.4591,93.8167,0
53.2799,119.6398,106.0709,0
36.1979,71.171,59.4872,0
29.4821,56.4221,31.8091,0
38.019,43.6058,23.5956,0
67.9347,78.5565,58.6143,1
136.6559,129.6042,97.5258,2
69.5911,96.0654,76.0473,1
32.6663,76.8404,50.3024,0
21.0145,47.6935,30.2239,0
17.2481,63.6807,48.2719,0
19.4289,93.7228,82.5734,0
25.0933,78.5785,57.1775,0
23.6451,46.9607,19.2193,0
16.957,19.5581,3.1401,0
20.973,44.9063,23.1894,0
21.7426,36.1879,13.0797,0
21.8801,34.7259,9.3652,0
22.6147,32.6429,6.2225,0
24.0375,30.7535,9.798,0
44.8269,42.9631,21.797,1
80.1582,69.228,30.56,2
64.3297,72.2689,44.5534,2
40.7152,105.8036,87.814,0
29.8405,110.787,96.8009,0
23.918,71.59,49.8376,0
25.8392,60.2821,39.3005,0
36.3278,82.5493,59.7977,0
26.1487,55.1202,39.8525,0
26.0347,77.1128,61.227,0
29.1065,78.2568,59.3143,0
20.0608,26.7704,11.0153,0
28.6088,59.6982,36.5519,0
38.4736,51.0705,25.5849,1
95.0716,92.9156,64.0131,2
125.0271,128.894,97.0392,2
65.5456,134.8412,138.0206,1
21.6326,125.4,120.3978,0
28.5898,133.5745,134.3245,0
35.7134,99.1875,90.1837,0
38.2388,87.9893,72.4924,0
33.5318,54.5627,30.6573,0
33.0039,56.0477,31.362,0
31.9297,43.755,20.6564,0
43.8073,49.739,29.5928,1
82.7966,87.4572,64.1964,1
128.0595,124.5201,89.0564,2
54.0352,98.1473,86.2522,1
26.1469,70.589,54.4622,0
26.6003,54.9611,37.3737,0
27.4682,106.2881,89.7233,0
25.221,72.3441,41.963,0
20.7416,33.5322,8.8986,0
19.8934,24.6421,3.5326,0
19.9933,24.2997,3.0643,0
18.9035,21.2809,2.4423,0
19.3892,21.7737,4.1411,0
28.5412,31.3816,11.6788,0
65.8077,60.7964,29.8263,1
84.0988,75.3016,37.2691,2
36.5367,97.917,80.4777,0
24.7482,136.2526,128.1331,0
23.1327,67.7412,51.4847,0
24.1697,95.2442,87.7591,0
18.9293,27.0571,6.9667,0
22.2462,33.2589,7.7835,0
29.1104,54.5061,26.8194,0
33.9465,70.8761,45.3583,0
23.9308,62.2189,42.7233,0
23.7335,80.8344,64.9782,0
23.4372,49.74,31.1186,0
27.0375,37.3869,10.4663,0
21.2921,21.8863,3.1331,0
33.8782,47.8221,18.934,0
93.4584,88.4665,53.8793,2
112.5924,110.1613,72.9408,2
47.1057,91.4603,73.1167,1
46.5334,120.4546,118.0801,0
48.7301,139.2677,149.082,0
46.6499,58.8155,27.8159,0
34.9344,37.0544,9.9896,0
30.088,38.921,11.8421,0
35.5634,74.3451,52.1608,0
39.5262,83.4096,73.6719,0
42.3606,55.1546,30.5309,1
87.0195,85.4824,57.8007,1
116.4443,107.3323,65.597,2
53.6414,76.0303,59.789,1
37.2697,99.4447,95.1592,0
25.1039,45.4484,25.5699,0
27.6532,34.8361,10.7121,0
20.3905,36.1984,13.7816,0
22.6861,34.0666,9.3252,0
21.4517,33.5714,14.5617,0
30.4155,35.1445,15.424,0
49.9598,55.3522,28.7868,1
94.9062,85.8838,49.4162,2
70.4702,84.7433,57.8905,2
38.1901,93.0689,81.2798,1
22.966,135.9245,129.7692,0
20.7651,72.1344,52.1863,0
19.911,28.3934,7.2615,0
17.7482,23.3116,5.5526,0
19.9332,26.2589,6.3355,0
18.5222,23.5308,7.0174,0
26.1286,47.123,19.3359,0
33.1583,84.6238,67.2299,0
25.7399,62.11,45.3788,0
20.1192,33.6663,16.359,0
26.3921,51.2113,27.5738,0
25.7666,31.9136,7.4908,0
23.9479,28.9843,7.1771,0
23.9748,26.8065,6.2056,0
37.117,45.8281,19.1487,0
122.673,110.647,67.2996,2
88.5473,96.8348,65.6831,1
42.9003,73.417,45.3136,0
28.5067,120.0447,113.1984,0
40.1944,49.4267,19.4911,0
31.5474,33.3926,6.9087,0
32.4582,39.3886,11.4231,0
36.7232,65.5462,42.671,0
59.747,132.3307,129.9085,0
29.8465,39.6024,14.7412,0
35.4506,38.1367,18.9278,1
83.0105,79.4626,52.2655,2
123.9511,112.1317,71.6772,2
77.4246,83.8726,57.8599,1
45.5445,67.7099,50.7944,1
43.1159,76.0765,63.501,0
38.0409,83.7016,76.5801,0
36.1456,79.9432,70.0954,0
46.1966,104.9459,102.6921,1
99.4016,120.739,117.9597,2
109.4995,118.5786,102.4797,2
62.7197,117.4708,102.2782,0
36.0003,131.6177,125.3898,0
23.0527,106.0314,95.1948,0
14.55,89.164,80.0017,0
19.5836,62.5134,45.7909,0
18.6801,30.2449,9.1066,0
20.0125,26.1966,6.2681,0
13.2753,13.8815,1.7418,0
24.9035,31.916,7.8452,0
32.5767,88.8083,69.1063,0
27.1647,69.9607,48.9343,0
23.8555,31.4479,12.2725,0
23.1419,46.08,24.3761,0
28.8263,78.713,60.4328,0
22.4969,27.3444,5.9912,0
23.019,24.7918,5.8897,0
30.6672,40.8708,12.5836,0
29.3088,40.6215,13.112,0
55.2569,57.7845,30.7685,1
134.361,119.9471,75.7754,2
68.1461,87.2808,63.8586,1
44.5079,86.9633,71.3182,0
33.001,41.9069,14.6702,0
31.2734,34.102,9.8829,0
38.355,61.6602,32.1431,0
38.1818,43.8907,18.1122,0
30.8015,40.3346,12.4905,0
26.4528,33.2343,9.7163,0
31.1276,43.7347,15.5081,0
37.1727,44.9652,21.3903,0
61.3702,61.9017,42.1453,1
106.4884,97.8456,63.7673,2
125.4022,113.6317,73.7432,2
115.5826,117.3293,83.8976,2
113.2556,129.6851,109.6521,2
130.4121,152.239,152.2814,2
131.7573,154.2604,162.8324,2
79.1129,134.4784,139.898,1
37.9971,123.2452,117.0269,0
38.616,125.5197,115.6021,0
23.5022,74.3068,53.7153,0
18.2878,39.7255,20.8257,0
23.0742,66.5137,42.891,0
18.0448,54.9583,39.4807,0
20.7964,50.6987,29.0135,0
21.8152,32.6838,13.9295,0
12.774,12.1539,0.8635,0
22.5079,28.3338,7.0254,0
20.0825,34.2825,16.7577,0
29.7433,83.6721,67.6102,0
42.1465,93.2019,78.7131,0
23.7189,27.2328,11.9629,0
29.447,67.2546,47.0646,0
26.1941,39.0768,16.0195,0
23.3766,28.2448,6.0457,0
23.3634,25.7216,6.9102,0
31.4851,55.7587,35.2484,0
39.268,77.4706,55.6659,0
95.589,89.8524,53.0884,2
112.0776,108.6695,70.07,2
61.0313,99.0884,86.1955,1
37.3561,55.6295,29.9882,0
38.6477,48.2995,17.6234,0
31.2924,38.0184,9.1996,0
27.5685,32.115,10.4844,0
35.9464,67.1258,47.4505,0
31.4618,47.9572,17.9453,0
26.2253,47.6233,24.1496,0
22.8989,28.2376,4.9571,0
26.9846,33.035,8.7898,0
30.1991,43.8919,18.6069,0
42.1694,54.2235,36.6853,0
57.5571,60.4928,41.2055,1
62.6118,68.1701,46.8443,1
43.9035,64.318,44.2311,1
30.3924,106.678,88.7005,0
20.7718,110.6816,102.1243,0
18.6644,76.4781,61.4553,0
15.2572,35.5324,26.9982,0
24.0575,105.9194,96.5575,0
18.4204,46.7001,30.2277,0
18.9209,34.3165,14.8597,0
21.5774,62.2822,45.488,0
20.5071,33.6754,14.0556,0
15.7713,21.72,8.9455,0
12.7604,12.5299,0.8712,0
13.0437,13.5834,0.7364,0
19.4873,51.0524,35.5379,0
31.1566,84.4016,68.473,0
43.4291,105.5112,91.0742,0
21.4045,29.0942,10.869,0
22.6346,35.3755,12.2147,0
25.4345,35.7264,14.336,0
26.8417,31.1788,9.1979,0
28.0757,34.8159,12.1022,0
31.1258,47.009,27.6772,0
35.5751,79.4285,64.1887,0
45.2261,51.6812,26.4383,0
134.7247,119.4474,74.0387,2
80.0843,94.3141,68.9743,1
30.1097,36.555,11.5154,0
29.8239,35.1366,8.3416,0
30.2982,42.2519,10.4653,0
30.6103,41.0539,19.0902,0
27.9636,35.7129,11.9905,0
25.5111,33.6632,6.1405,0
20.9318,35.733,16.3846,0
22.5325,30.5959,5.3012,0
21.9903,26.7727,4.6212,0
29.7124,51.4659,25.8656,0
26.4213,44.7819,23.2503,0
22.0341,30.7952,8.3933,0
21.8447,39.551,17.5347,0
18.8175,97.9548,85.6311,0
23.5004,93.205,79.906,0
22.7822,92.831,74.8869,0
25.4268,108.2275,94.4923,0
20.9061,52.0255,35.0735,0
19.6428,44.166,29.7097,0
20.2863,31.9654,11.6656,0
22.5953,39.9704,21.3794,0
20.8077,29.8694,9.8279,0
20.9933,49.8653,41.9001,0
19.7909,44.6659,32.5833,0
18.8862,52.153,39.179,0
15.1101,31.2196,19.4162,0
20.0049,53.9414,39.7868,0
32.2126,81.2413,61.699,0
33.7312,70.1876,44.038,0
27.7322,37.7084,9.3194,0
29.6795,63.9391,34.7207,0
17.5594,19.8359,3.0643,0
27.8569,40.881,16.8915,0
24.9882,35.3418,16.3442,0
25.5918,33.8183,14.8347,0
30.2521,67.0881,52.4844,0
36.3142,80.5586,63.2348,0
76.238,82.7427,50.6655,1
122.1832,114.6655,72.4196,2
45.1103,84.5767,63.2249,0
28.8226,34.4067,8.4059,0
30.499,42.4362,14.4422,0
18.9854,18.3904,1.6547,0
27.0842,30.9352,7.1768,0
25.4293,33.7564,17.0528,0
26.7954,52.9452,35.6265,0
25.1455,48.2003,23.3993,0
20.7335,32.3442,14.2966,0
22.4862,32.3868,6.4539,0
21.6414,30.8888,7.7728,0
31.4451,73.3267,47.668,0
19.4235,38.6538,17.7622,0
24.5912,90.2299,76.8511,0
23.8224,79.4982,63.3007,0
21.5476,95.9848,81.2269,0
28.3385,91.5051,70.8476,0
18.7321,31.2609,11.6146,0
17.6826,24.3779,4.0738,0
21.0694,29.1793,10.172,0
21.3243,28.5784,10.6807,0
20.9524,30.2755,10.4988,0
33.3883,90.9266,73.055,0
20.8394,65.0312,51.833,0
25.8491,107.7399,93.0914,0
22.3376,66.5906,46.2352,0
33.4147,65.5119,36.307,0
28.0022,68.4339,42.9583,0
34.6814,78.3076,54.5622,0
22.6794,31.4317,9.2819,0
24.9383,58.239,33.9505,0
23.0304,37.6781,15.5786,0
28.244,58.3795,32.8535,0
27.0404,42.2899,20.0487,0
26.4671,32.3498,11.8322,0
26.0138,33.3119,12.3866,0
32.1692,75.2726,64.4542,0
42.4064,107.632,92.968,0
116.2287,108.3525,65.4828,2
36.5264,66.4639,50.2997,0
34.6862,51.8767,31.1826,0
31.3861,43.0346,17.1687,0
29.3404,33.7798,9.0193,0
24.5179,23.4767,2.7294,0
32.1237,66.1495,46.5645,0
27.5791,39.8315,17.1894,0
24.7762,48.4446,30.535,0
22.4558,65.1938,46.9179,0
26.5405,55.2788,29.2832,0
23.9376,32.0922,7.4026,0
22.287,36.7847,24.732,0
21.5055,39.6584,25.5034,0
31.4401,113.2348,101.8809,0
20.5891,51.9441,38.5676,0
15.8829,51.4225,41.8122,0
25.6459,86.6772,71.4797,0
21.64,40.5338,21.5006,0
13.3488,14.8334,1.1806,0
15.2609,18.0947,1.5133,0
10.9168,10.1106,0.8989,0
23.8156,37.965,14.9772,0
32.4955,73.7258,53.2232,0
21.5463,83.4189,77.3932,0
23.3497,84.2192,68.4703,0
26.2662,76.5934,54.1271,0
38.9687,98.1034,72.5814,0
26.9143,62.385,30.4668,0
25.879,37.602,11.5059,0
29.4804,39.9082,10.6593,0
27.233,38.4065,11.5976,0
24.2588,60.8167,36.7574,0
26.1941,37.9945,13.4903,0
31.348,52.6885,29.9284,0
28.2307,64.9986,48.8033,0
32.3077,98.0128,82.1745,0
33.0423,76.7402,56.3435,0
33.4949,58.8813,36.2875,0
57.5608,64.2369,38.2929,1
41.4811,53.8484,24.338,0
30.1641,32.7558,6.7511,0
34.9228,44.8133,16.7527,0
26.7383,28.7431,5.2369,0
27.783,37.275,15.1527,0
28.3582,42.8058,19.3067,0
29.0471,53.2705,34.0928,0
24.6174,43.6305,22.6208,0
30.0045,73.6365,53.2173,0
29.5045,57.9609,33.2909,0
23.8502,36.2658,6.4957,0
17.0502,20.0595,4.4103,0
29.5325,68.0468,46.2874,0
23.3702,88.2754,75.2944,0
20.8218,49.2705,28.4006,0
18.383,32.3058,13.7511,0
24.1431,61.7964,49.8597,0
23.4461,44.2492,26.3133,0
15.892,17.6376,2.0847,0
16.8114,24.9766,2.2357,0
16.9053,23.7813,2.137,0
17.08,21.5363,8.5257,0
41.5401,93.1457,74.8733,0
25.4659,73.8378,56.2899,0
30.7762,99.5119,81.484,0
19.1571,36.4308,16.344,0
24.5409,56.5787,39.0672,0
29.7379,69.2804,49.5705,0
14.127,17.1749,5.84,0
34.1519,85.2146,80.9733,0
31.1096,91.4361,94.5186,0
42.1816,92.5348,71.4867,0
21.3072,25.2727,4.7887,0
23.2883,21.676,3.5066,0
29.6858,55.6673,34.873,0
31.3671,103.7432,87.6583,0
37.1098,102.7321,84.0351,0
31.5582,44.3902,16.3895,0
43.2236,72.8306,50.1039,0
36.8317,52.7078,27.7664,0
24.6452,24.0326,4.5048,0
36.7868,46.4838,16.9724,0
32.7126,37.5621,11.2004,0
30.5192,36.2039,15.5707,0
32.5239,43.0425,18.1944,0
31.3919,52.9885,34.1524,0
29.6818,57.0386,35.3239,0
22.606,33.7073,12.7708,0
20.5079,26.9854,6.119,0
25.5964,52.9909,25.4195,0
32.4779,49.1968,34.699,0
25.5716,68.7913,46.9955,0
21.5962,55.5844,38.0017,0
24.1057,77.9021,63.3634,0
19.8218,27.6207,7.9322,0
32.0454,58.589,39.8078,0
30.305,46.5773,20.8195,0
20.1684,25.1044,6.3632,0
18.3498,23.856,3.0707,0
20.8006,29.3929,5.9754,0
19.9844,27.7152,8.6349,0
29.2921,70.0411,53.7994,0
22.3729,56.8192,41.6467,0
28.3652,73.48,59.4825,0
19.0482,41.2666,23.192,0
30.9094,92.4115,78.944,0
24.5696,55.6169,37.1748,0
21.521,32.3041,15.1789,0
29.5504,94.5836,102.761,0
34.3549,99.7758,113.8279,0
27.8079,37.2867,13.3029,0
21.6782,23.6843,4.1541,0
28.0431,25.5425,5.4419,0
26.4953,24.585,7.1969,0
31.7258,50.9596,24.6732,0
30.8066,46.1519,22.7132,0
40.3207,109.2678,98.6319,0
35.6024,72.4102,49.4108,0
34.3077,50.4451,23.3258,0
33.9575,61.1673,35.1614,0
32.3237,56.4066,36.3078,0
40.2367,81.5059,63.9504,0
28.1131,39.523,17.2507,0
19.4182,21.6685,3.594,0
25.275,41.6298,18.0048,0
25.3573,45.1988,23.8878,0
18.6452,20.1905,3.3483,0
28.7303,41.0679,18.1614,0
37.226,73.2628,52.3813,0
24.9527,69.5397,47.2667,0
23.9402,56.6058,38.572,0
29.7945,73.9405,59.8176,0
27.4461,69.1721,49.663,0
21.1678,39.6756,18.3454,0
16.0719,19.624,4.1246,0
16.9148,17.692,1.4517,0
20.2003,25.7845,9.3228,0
19.3208,26.7087,13.2003,0
25.0446,89.6883,96.518,0
31.0763,78.8087,65.1663,0
26.733,73.8596,57.9624,0
13.4923,17.3688,5.5276,0
23.9903,61.9875,54.0162,0
26.6133,76.1538,64.3558,0
32.0058,112.7601,106.6846,0
24.762,46.6112,27.152,0
15.0507,17.6481,6.8722,0
21.2935,31.3689,13.5374,0
35.5467,117.0955,112.8131,0
30.6562,64.0648,42.3471,0
27.4215,42.4242,17.3613,0
26.7552,28.3962,5.9941,0
25.3644,25.9205,4.745,0
31.8082,32.882,9.5467,0
26.3067,28.1352,6.9481,0
29.8322,35.7284,15.0615,0
31.8015,46.114,21.4723,0
40.386,70.0201,118.5611,0
28.2149,50.7832,94.2941,0
45.8003,58.1982,75.8417,0
53.6131,57.4593,53.3296,0
48.5449,63.8512,81.6885,0
35.3623,45.6048,58.256,0
31.6188,41.6023,53.3165,0
33.4463,43.406,53.6795,0
36.1822,53.7947,80.6001,0
44.9788,69.7525,102.8647,0
49.9704,71.4402,98.3282,0
54.3556,58.8209,53.2297,0
44.9851,54.0979,58.3522,0
46.321,51.8234,48.9425,0
37.6886,40.053,36.9593,0
39.3577,42.7415,40.0348,0
44.4465,48.685,48.1878,0
30.31,31.7251,33.1088,0
40.1745,43.1957,54.8219,0
41.612,41.0145,39.3381,0
50.2806,49.9217,38.5584,0
36.0899,36.2747,29.4972,0
44.5817,45.5559,39.0452,0
53.9061,53.0625,40.7547,0
38.0818,69.8591,126.2675,0
34.513,52.6682,88.3229,0
54.4846,77.814,116.4843,0
52.3033,71.1165,100.0218,0
48.799,69.8798,93.7312,0
41.9153,55.7354,68.1693,0
37.9457,49.3501,63.5921,0
43.5912,51.943,56.9624,0
25.6658,28.7068,29.1073,0
36.3758,40.7904,39.7554,0
28.9541,32.5772,34.9547,0
29.4582,35.8635,42.5581,0
53.1822,68.7335,80.7232,0
48.5622,55.6751,54.7373,0
40.0329,40.4697,33.7433,0
38.8353,41.7009,39.9805,0
46.5141,52.314,62.4603,0
35.955,38.4521,39.6305,0
51.2634,52.8295,47.4032,0
42.1526,42.2212,34.2475,0
29.9896,30.3146,25.4369,0
32.3423,32.6453,27.742,0
33.6137,33.9283,29.5857,0
44.1482,44.1109,36.8965,0
34.4364,50.9274,78.9014,0
41.7323,65.9579,109.5416,0
35.4515,54.7798,80.273,0
35.2792,48.022,75.0645,0
52.2233,69.7399,93.0873,0
43.5245,53.7389,67.1339,0
30.9173,37.9781,49.6622,0
31.315,48.3625,78.047,0
46.8677,59.9629,79.7763,0
64.5083,71.8389,69.276,0
38.8794,45.8879,50.8378,0
52.7082,63.6206,71.5773,0
28.6888,33.5925,36.8111,0
42.2698,43.9738,39.3809,0
41.8173,46.3867,53.0226,0
34.4219,35.2121,30.994,0
36.505,36.8404,32.0572,0
35.739,36.0282,30.7259,0
28.5731,29.4185,24.9299,0
26.9523,27.1708,23.851,0
25.6325,26.4385,22.8836,0
32.5567,32.9126,25.9045,0
38.6091,37.8143,28.7114,0
30.6224,30.9097,29.1032,0
42.9552,64.3153,102.5886,0
46.8992,79.2506,127.3472,0
32.3556,42.3186,55.8784,0
46.8196,65.1236,93.2849,0
49.5487,74.0272,116.0179,0
52.3708,67.4187,92.5027,0
48.8922,64.3784,90.3595,0
51.3033,73.1625,101.9921,0
56.4423,71.9126,97.0815,0
57.5681,73.8491,97.5895,0
57.9411,61.7883,55.1806,0
27.849,32.9834,37.3274,0
37.9108,43.3689,42.4556,0
35.987,39.7635,39.6586,0
41.6477,43.8871,40.2797,0
38.0202,40.0478,37.4103,0
30.7422,30.8735,26.1235,0
23.9901,25.9875,25.878,0
22.1362,23.645,22.515,0
33.8818,33.2707,30.1741,0
43.5854,41.2857,37.9054,0
26.805,26.9029,23.6477,0
28.4752,29.6767,28.7344,0
50.1123,53.9966,82.0132,0
59.4323,91.6572,151.1232,0
49.395,77.7214,121.2683,0
36.0691,54.6144,77.8444,0
43.6547,62.3119,96.0513,0
65.0341,99.3921,159.8236,0
76.2376,102.5437,143.9385,0
76.2967,86.3105,102.6399,0
49.618,69.5028,101.3115,0
38.2779,59.5514,89.4731,0
38.3755,46.0238,51.4721,0
38.3117,41.1857,38.1262,0
31.2599,34.0285,31.8566,0
58.8913,62.9605,56.4434,0
41.8025,43.0496,37.1585,0
32.3905,33.8461,29.7949,0
25.8722,26.818,22.9354,0
36.0765,36.4239,29.2002,0
25.7443,26.8278,24.049,0
32.1139,32.1539,27.0441,0
30.1269,30.7272,27.6119,0
23.5821,24.3861,23.5254,0
31.9031,32.3168,29.2028,0
34.0746,34.2611,27.9616,0
25.8734,26.1418,22.9186,0
28.3251,36.1144,47.8084,0
42.2972,61.5458,92.547,0
52.4466,76.4826,116.3866,0
41.5476,61.2124,86.1323,0
40.1335,57.7954,81.3141,0
39.3492,56.1413,82.3523,0
35.5947,41.494,48.7749,0
30.5268,34.068,38.6204,0
45.049,54.0565,58.374,0
22.3245,24.3385,27.1118,0
28.3049,28.6014,28.6548,0
41.5927,48.0441,53.6034,0
39.3698,48.6668,62.8957,0
41.1716,44.7556,40.3508,0
45.0301,46.4852,40.0283,0
36.7755,36.5646,29.4254,0
24.2604,25.4939,24.987,0
30.1897,30.8259,26.0738,0
34.2538,34.7813,29.9205,0
25.6123,26.6464,24.7603,0
20.9684,22.7752,22.1097,0
27.7157,28.1876,26.1298,0
24.4283,25.7551,24.749,0
31.4653,31.5033,31.9069,0
43.7386,62.3112,89.4054,0
38.4218,58.4663,84.8702,0
28.4179,36.3894,42.1386,0
42.3207,57.0442,71.4388,0
26.8108,36.5317,45.5791,0
28.4277,38.6977,48.9751,0
28.7741,36.285,43.1728,0
27.8118,27.6325,29.2962,0
38.3407,42.5012,40.8065,0
27.0215,31.6905,38.8302,0
28.7588,31.4268,37.6614,0
55.2269,66.1467,89.1434,0
68.6273,82.9645,106.658,0
46.6955,61.1951,81.4389,0
42.9811,51.4422,61.3776,0
38.5229,40.7831,44.0631,0
34.8759,42.7204,61.7599,0
23.4918,24.3809,23.1472,0
22.9488,24.0238,22.355,0
29.7379,30.0343,25.7905,0
20.7443,22.0682,22.2157,0
20.6479,21.8541,21.3602,0
23.5892,24.7906,24.7261,0
31.2997,34.2753,42.8325,0
31.9762,41.4054,46.9213,0
30.1807,37.9245,41.9142,0
20.1818,24.8367,25.6446,0
39.1746,49.0413,54.1458,0
32.6846,42.6082,53.4141,0
49.1229,55.8689,53.9698,0
37.1776,41.6867,41.9052,0
28.5114,30.6677,31.5589,0
22.6953,25.0352,28.2032,0
34.6715,36.1558,32.8219,0
32.2149,37.094,41.6814,0
45.3516,50.3099,65.7504,0
57.5559,61.0539,56.7469,0
29.9674,33.1414,36.2911,0
27.6726,29.2201,28.6211,0
34.612,34.3649,27.5559,0
30.4041,30.7969,27.2784,0
24.2177,25.0922,27.9848,0
28.9513,29.2354,24.8092,0
21.2184,22.8876,21.8417,0
23.2886,24.8363,23.7835,0
26.4752,27.5516,25.8182,0
19.456,20.7384,20.4584,0
29.0668,29.5689,26.8126,0
34.1434,49.0055,65.8509,0
28.876,41.0006,54.0134,0
21.975,26.7374,28.2755,0
24.3763,30.2045,32.6821,0
28.2339,34.2255,38.573,0
32.2534,38.325,39.1451,0
21.0383,24.8972,24.8388,0
21.36,23.0005,21.8487,0
48.0034,49.1862,41.6234,0
18.7033,22.8825,27.3638,0
22.2016,27.0347,37.5942,0
43.5202,47.6326,52.324,0
29.4521,31.8761,33.8113,0
31.7741,33.8361,31.9464,0
22.3177,24.6538,25.6457,0
26.8738,27.2089,24.2367,0
29.5977,30.8496,28.7277,0
18.2611,20.6877,20.3555,0
23.2379,24.4075,23.4188,0
24.2499,26.651,25.985,0
20.5993,22.2619,21.4191,0
26.9054,27.7309,26.1321,0
21.2473,22.0844,21.4392,0
24.759,25.4019,24.6906,0
30.982,42.2064,50.5175,0
32.047,40.533,46.3341,0
22.9056,26.702,27.4552,0
20.1549,24.5732,25.3928,0
23.3226,27.5283,27.4327,0
29.2378,31.9222,30.8617,0
22.324,25.4799,24.9128,0
21.4602,25.7593,26.0154,0
19.2895,25.7514,39.3307,0
21.4201,27.693,44.7477,0
20.6985,23.4648,23.9058,0
39.5484,40.9743,35.1087,0
32.4344,34.4519,34.5018,0
28.0832,30.3589,29.6383,0
26.2367,29.1364,29.1551,0
29.0847,29.3883,29.7226,0
24.084,23.8592,26.1496,0
24.8543,25.9149,25.2112,0
25.6076,27.1453,26.0014,0
27.8311,28.6538,25.7815,0
19.0289,21.1561,20.8566,0
27.3898,29.6578,27.7792,0
22.4797,24.3257,23.8804,0
23.0311,32.3354,48.5845,0
30.8657,50.4844,77.0639,0
22.7799,29.9095,37.1819,0
23.3634,27.3702,38.1997,0
32.6148,39.577,49.7871,0
27.4155,30.3188,31.9983,0
24.2019,26.8375,26.2262,0
19.2878,23.4182,23.3491,0
28.5231,31.0017,29.9849,0
21.3218,24.1899,24.5429,0
18.5299,20.6562,21.9245,0
27.3439,29.1136,26.9392,0
20.759,23.8711,23.1249,0
25.6947,26.9016,27.1831,0
31.0321,30.701,33.8684,0
52.6173,49.3284,60.1282,0
66.2047,67.421,77.7731,0
44.6974,41.9597,47.8294,0
27.6995,27.2286,26.128,0
26.0498,25.3966,26.309,0
25.1316,25.0018,25.6567,0
22.9921,25.1992,25.6613,0
26.5427,28.0546,25.7131,0
40.4458,40.4917,32.0484,0
42.3085,43.3462,37.1828,0
25.9241,36.61,53.9444,0
31.8648,41.5116,57.8287,0
35.4463,55.1615,102.4883,0
51.6,65.0585,97.1558,0
28.5775,36.9254,50.2219,0
21.9939,47.7376,102.1282,0
17.9324,24.5803,31.2177,0
19.9743,32.0842,54.3378,0
19.213,25.7805,35.1225,0
20.6651,22.6864,22.6903,0
19.6623,22.1354,22.1047,0
19.6086,22.6032,22.1086,0
29.6899,30.5628,27.5247,0
35.8752,38.2756,43.9827,0
41.2668,44.7689,49.7883,0
43.0905,42.6663,42.9033,0
41.0243,39.6406,49.5497,0
25.6046,26.9714,26.0071,0
31.6267,30.8803,25.8379,0
33.4104,33.2463,25.942,0
23.8695,25.0819,23.4479,0
21.3026,22.9026,21.8163,0
22.1485,23.8052,23.317,0
27.5523,30.2647,30.5319,0
25.8547,36.0562,47.4679,0
27.2125,35.478,55.0577,0
40.9592,51.2147,78.7244,0
48.5211,50.0878,43.9515,0
23.8649,26.8897,26.6815,0
25.4635,33.2226,46.8008,0
22.2596,26.366,28.6755,0
19.9268,33.7541,59.1765,0
17.6786,24.5734,32.8536,0
18.1276,21.5557,20.9106,0
19.9179,23.3443,22.8135,0
26.0562,28.5536,29.2282,0
50.3655,45.4407,43.583,0
27.4182,27.7037,25.2267,0
25.9321,26.1789,23.9546,0
32.0497,31.2436,38.2398,0
37.5975,35.0967,41.5005,0
30.4823,30.1649,32.9449,0
29.7691,30.1556,25.6013,0
21.8122,23.7891,21.8136,0
25.7246,26.2235,24.5388,0
28.8598,29.7999,25.9692,0
22.0771,23.0773,21.9206,0
22.7501,23.6325,21.8524,0
29.2631,41.2158,64.0694,0
24.9331,31.1637,42.3028,0
33.6544,39.8358,55.2308,0
72.4002,76.6719,85.1923,0
39.2601,39.664,40.9621,0
22.496,25.1129,25.4654,0
18.5761,23.1731,32.0157,0
17.1408,20.3453,21.9609,0
29.4688,30.9787,28.5003,0
21.738,25.0182,24.38,0
17.7783,20.8761,20.1852,0
21.9468,23.9251,23.3663,0
40.5122,40.3828,33.0013,0
27.5034,28.3593,25.6322,0
36.9865,46.0184,65.4886,0
35.1113,36.4478,44.1465,0
45.4586,50.7377,67.6474,0
30.0286,32.8782,37.6744,0
21.0179,22.9705,21.6728,0
19.0428,20.8846,20.6807,0
24.5082,25.4347,21.9733,0
30.6431,30.8072,25.6921,0
28.0991,29.1238,27.2401,0
28.096,29.4217,27.3633,0
28.8085,35.918,41.8358,0
19.7959,24.5068,29.0046,0
27.3402,31.4227,33.8163,0
21.9735,25.8984,25.9246,0
22.4925,25.0172,24.6359,0
25.3544,27.3782,25.8099,0
20.2042,24.2645,24.821,0
19.944,21.0964,24.81,0
23.2894,25.7552,24.247,0
21.131,29.262,40.1145,0
20.9767,27.4233,36.2772,0
24.3297,26.6402,26.2429,0
22.2002,24.102,23.9954,0
23.6164,25.7422,25.276,0
23.0691,25.5895,25.1004,0
21.64,23.6939,25.1777,0
23.5815,26.4961,27.4424,0
24.9958,27.2615,28.092,0
22.0743,25.2924,28.7637,0
24.6557,34.0418,53.0874,0
17.617,19.9011,19.6037,0
25.2658,26.6365,25.3565,0
25.0751,27.6432,27.7983,0
26.1805,27.3695,26.1558,0
29.5774,40.8442,57.1664,0
18.812,23.423,26.8036,0
21.3129,28.1017,37.1048,0
20.0258,23.7252,25.9083,0
33.8744,37.0712,35.3695,0
24.3323,26.0895,24.5807,0
22.0084,25.06,25.3758,0
19.0232,20.5257,24.0478,0
25.3521,27.9382,28.6483,0
17.7602,27.7518,42.3397,0
25.5993,29.0174,29.2464,0
24.9687,29.3375,30.5998,0
23.7254,25.4017,23.7415,0
24.8561,27.1229,26.6038,0
22.7245,25.3343,27.3922,0
31.5929,36.6647,43.8365,0
40.1126,49.664,63.3078,0
30.1961,38.4577,48.6348,0
36.4218,47.8617,69.6249,0
30.8745,37.9648,49.1816,0
18.3038,20.5095,20.1554,0
27.1621,28.4046,27.3003,0
25.3573,27.0524,25.81,0
20.4561,21.9138,22.3577,0
53.3251,64.881,85.3909,0
49.7223,60.5083,89.3259,0
42.5158,43.8971,42.444,0
23.3038,29.196,41.113,0
25.5824,31.0315,44.7629,0
25.655,29.5743,30.4074,0
19.7166,22.5596,23.1157,0
23.7753,25.8965,24.8635,0
25.0357,40.5727,74.3827,0
22.425,43.1215,89.5995,0
21.1635,23.5073,26.2094,0
30.2974,35.4628,41.5386,0
40.5658,46.3213,49.8797,0
38.1961,41.7504,43.082,0
27.9143,31.9245,33.2189,0
40.6191,50.2891,56.7851,0
41.5427,52.3945,63.2777,0
43.4659,60.1797,96.2067,0
28.0586,50.5526,104.2932,0
23.3389,48.9788,110.603,0
20.0713,29.837,46.7529,0
20.6742,22.9073,22.7674,0
19.5354,22.5362,22.153,0
22.0064,23.102,23.606,0
40.0274,58.9823,95.9052,0
35.7374,42.9274,53.7872,0
35.1391,54.8315,99.3805,0
18.8299,22.2778,24.5331,0
31.759,48.2708,86.3669,0
27.1934,34.9528,48.0952,0
22.6733,37.7364,75.1328,0
42.1436,41.3808,36.787,0
24.4307,29.4995,40.1547,0
21.8418,39.8421,79.8766,0
28.3507,30.8163,39.3884,0
45.188,47.5125,76.6977,0
47.4016,54.4544,64.934,0
72.9361,80.5123,85.8613,0
114.9613,113.3539,83.8765,2
118.2056,112.5012,73.4693,2
110.9041,112.5747,98.3527,2
80.2309,91.2137,110.3452,0
25.1625,49.4989,112.1575,0
24.0227,43.9999,87.6356,0
23.7331,35.9218,53.391,0
21.103,29.2203,39.949,0
19.6198,22.9424,22.7374,0
23.0356,24.9818,24.2384,0
46.9743,66.8228,112.9552,0
45.4547,55.7185,72.0761,0
27.501,45.3818,81.6139,0
23.9876,31.7252,43.8361,0
42.991,50.0324,61.7897,0
32.3112,58.3432,122.5035,0
31.4311,58.5438,124.1325,0
24.6978,33.9777,51.8028,0
23.6044,33.1931,53.8752,0
22.6213,28.6984,37.4278,0
25.6343,38.206,60.2667,0
27.4843,48.9608,102.8089,0
53.0094,64.4721,80.6262,0
138.2637,136.6157,107.2719,2
125.375,119.6961,76.5219,2
122.5146,116.6128,74.3653,2
110.2051,103.6725,62.3078,2
119.575,121.1912,109.1385,0
28.8444,60.0141,140.4488,0
24.2768,40.6982,75.9267,0
25.7374,38.6816,56.9771,0
24.6005,39.4451,69.4165,0
36.2874,45.7304,67.4167,0
23.5525,28.7658,33.8185,0
29.9878,40.0133,56.8285,0
40.4846,54.5846,89.6752,0
37.5785,42.1629,50.4317,0
22.9861,33.0342,51.7218,0
45.2514,58.2861,81.2703,0
44.4541,55.7687,74.1321,0
51.4454,64.2922,88.061,0
30.3776,45.533,78.2022,0
33.415,41.8738,56.3813,0
35.6563,45.2183,61.6986,0
40.6562,66.0901,122.9077,0
43.1279,58.7181,88.4211,0
105.7515,107.2648,88.6775,2
130.5771,124.9532,83.0653,2
82.1569,84.1022,73.5535,0
99.3366,99.708,82.9569,2
105.5459,98.5366,55.1722,2
95.0783,96.3603,96.4446,0
20.2697,51.9165,140.9027,0
20.3339,42.378,93.7777,0
27.9688,46.0737,83.1873,0
21.5942,54.3622,136.3771,0
23.764,32.8237,49.458,0
29.0108,32.1871,31.8546,0
34.8308,45.7253,64.7267,0
38.7649,57.0253,102.0551,0
39.1101,45.5101,53.9024,0
30.5873,41.8701,60.1812,0
104.321,105.5823,92.4681,2
127.7538,122.5912,82.8619,2
119.5274,113.5765,70.7595,2
121.8533,117.0234,79.6054,2
85.3329,87.2433,76.9734,2
55.1272,65.0998,78.2923,0
52.6663,63.0526,76.9131,0
67.0044,76.6228,84.374,0
131.2965,126.6829,85.6372,2
92.7523,94.9502,82.9869,2
59.9419,64.4672,68.7127,0
121.0385,116.2302,80.295,2
121.1659,116.0223,78.3364,2
85.5642,90.0741,80.4751,0
39.3492,55.653,89.9755,0
66.8922,70.3088,69.2529,0
48.9321,56.2223,64.8106,0
27.9666,39.1342,65.5306,0
26.1202,28.0698,26.9497,0
32.6494,39.0606,45.3638,0
73.0775,80.5814,89.6486,0
58.8564,74.1378,100.85,0
42.7653,50.3535,57.7047,0
64.1565,72.0206,71.7089,0
125.2638,119.8297,79.649,2
99.1606,96.3361,72.7436,2
86.995,86.0054,69.8093,0
78.17,74.2999,52.0472,2
101.3599,94.6374,54.4084,2
115.547,109.556,70.1204,2
116.21,110.2237,73.0845,2
125.5086,120.1194,75.5367,2
99.2717,101.7994,83.559,2
48.9598,63.2982,82.889,0
106.8084,105.4225,74.7641,2
126.2484,121.5987,82.0346,2
93.7467,95.3069,80.0463,0
92.712,101.0676,96.1976,0
128.288,123.8829,83.8861,2
122.4271,116.1406,71.4214,2
134.3787,128.7202,89.7421,2
88.2247,87.5475,68.6317,2
36.7119,39.9539,43.7295,0
27.8473,32.017,38.6339,0
59.4496,63.36,71.2143,0
39.6158,58.1082,104.7213,0
83.8422,93.4164,102.3006,0
119.5652,116.5579,84.0878,2
93.4847,96.0389,88.2176,0
48.3708,55.2986,70.612,0
27.0645,36.2683,53.2512,0
24.6907,31.9621,44.2952,0
39.3036,40.6882,39.677,0
72.7803,69.6071,48.1029,2
96.7662,90.0029,51.5792,2
83.9329,81.7834,54.5504,2
50.5414,56.6113,57.644,0
118.3515,113.9101,83.3268,2
122.1511,117.1896,76.9915,2
70.0133,78.4007,76.7574,0
73.144,82.138,80.163,0
148.1244,143.8455,105.1039,2
132.6622,127.7086,89.0995,2
134.6613,130.1507,89.9011,2
129.1431,123.3199,79.0408,2
124.7339,118.3034,72.7009,2
70.295,72.3443,63.1126,0
21.7722,29.8442,37.3338,0
79.8974,78.9545,87.2253,0
87.6805,94.9961,100.1936,0
113.396,112.2257,90.1391,2
118.8673,115.7522,90.417,2
26.9172,42.1129,73.2395,0
23.2882,29.5623,40.3701,0
20.4135,22.7446,23.642,0
20.9789,28.0659,38.7051,0
18.3416,23.2623,26.9547,0
21.4853,36.2448,63.6404,0
23.0179,38.4393,70.9189,0
29.9914,34.4043,40.2069,0
111.7888,106.7001,70.0985,2
101.9222,95.3459,52.7664,2
73.1417,74.4814,66.594,0
76.1989,82.2295,79.0994,0
127.7533,122.7411,81.8365,2
113.543,115.0496,92.2011,2
88.9505,88.7501,79.8336,0
80.3772,82.5383,82.2943,0
57.2938,66.0833,80.0806,0
108.272,100.5262,61.6902,2
115.3532,108.7993,70.2778,2
30.5633,37.9575,43.7709,0
86.8947,84.2132,94.1644,0
130.1173,128.6359,105.4054,2
113.9973,109.5601,78.7644,2
68.0628,75.4186,83.7371,0
20.1682,41.4629,91.0798,0
32.4849,50.3235,89.7141,0
25.4369,30.1128,40.7059,0
20.0388,39.037,83.4633,0
21.5059,33.6644,56.6228,0
23.7758,34.4717,53.4473,0
33.9671,49.949,86.5109,0
65.4218,65.8098,55.3712,0
103.7669,95.3472,48.9043,2
86.4853,79.9467,59.8134,2
47.9767,54.4858,61.6665,0
114.4053,110.9892,76.4298,2
122.5613,118.1228,80.9256,2
70.4231,80.7071,91.6313,0
48.9682,56.925,71.966,0
23.6153,44.7278,92.5333,0
20.7429,42.8547,93.5104,0
34.2574,44.9984,61.081,0
74.6016,78.7223,70.3194,2
67.25,67.5114,56.1897,0
131.3908,133.7743,117.7816,2
118.6958,114.1334,78.922,2
111.2319,112.8955,101.2669,0
34.8622,49.2582,85.7782,0
21.0693,28.2773,42.6922,0
41.0146,57.2384,88.4846,0
29.104,45.7826,83.6172,0
25.5965,45.6419,96.7652,0
24.6967,40.5851,77.0787,0
28.5344,42.407,68.8355,0
28.1002,42.9322,73.5282,0
72.2652,70.5785,58.8306,0
89.8922,81.9316,36.9566,2
99.772,92.81,61.9991,2
102.5683,98.2336,69.92,2
98.6234,92.5025,53.9027,2
72.8813,78.3913,76.6116,0
47.0446,55.3087,71.4591,0
35.4596,47.3042,70.221,0
22.0092,41.6155,87.654,0
19.6819,47.2536,117.9606,0
20.9278,33.7572,56.6552,0
35.4989,57.5068,108.3289,0
92.6405,88.051,57.5591,2
126.6133,121.4521,82.4995,2
110.2836,107.5395,88.7521,0
77.4255,79.5297,78.4347,0
27.5907,65.0754,160.938,0
27.9433,46.1888,89.2395,0
20.299,29.1978,51.0714,0
25.8624,34.1208,54.0996,0
22.3237,35.7132,65.3506,0
22.6334,45.0421,104.0792,0
16.4293,22.5161,28.0174,0
21.3882,35.3999,57.5518,0
26.8827,32.7858,45.0571,0
79.0341,74.9127,46.3508,2
88.5718,81.581,43.8867,2
94.1144,86.753,50.6806,2
106.7204,101.4975,81.9975,0
40.0071,58.6713,100.2113,0
28.1837,39.0308,62.2284,0
31.2778,39.1959,52.9833,0
22.1091,35.8287,56.6549,0
20.6382,31.8765,49.655,0
20.6394,27.323,37.1114,0
33.9286,43.876,61.0041,0
92.5455,85.6851,51.1789,2
113.7809,112.7481,92.1947,0
111.2096,107.9925,96.2826,0
46.9091,61.8002,106.4561,0
20.916,35.4071,72.7942,0
27.9087,40.8212,73.7198,0
22.64,29.3346,45.298,0
30.5154,46.5432,82.195,0
21.4203,30.6906,49.3483,0
25.8959,51.8096,119.7278,0
18.4252,29.4543,54.9622,0
20.866,36.1295,69.4469,0
21.496,41.8367,93.4059,0
29.9295,35.534,47.7322,0
61.532,58.962,45.5529,0
88.4628,82.4209,73.8212,0
45.9846,53.273,73.1388,0
28.5476,48.462,95.2951,0
23.0464,43.0636,95.4552,0
23.0845,33.3408,50.2843,0
25.2603,42.98,74.1211,0
22.2081,35.1736,54.6475,0
24.5839,41.7374,73.5909,0
28.718,42.247,70.2354,0
38.5526,49.2094,66.3188,0
75.8885,79.8888,82.8181,0
96.5785,99.2808,92.3921,0
55.0611,63.5051,86.1261,0
30.6173,50.8917,99.0891,0
20.5628,31.0907,53.1648,0
29.4167,45.4487,87.7917,0
30.4735,50.667,100.3313,0
24.7176,47.3379,105.7238,0
20.2563,34.1097,62.0585,0
19.2551,29.5484,50.136,0
20.2371,35.168,65.3646,0
21.8201,43.9503,98.6317,0
22.2065,44.6078,100.673,0
19.9025,26.5727,37.4499,0
25.5539,31.0536,39.952,0
20.5969,30.6432,55.042,0
21.1092,38.9604,85.2178,0
24.1218,29.9628,40.8282,0
33.0382,39.534,52.6648,0
26.2977,39.5197,65.9327,0
20.3671,33.9895,58.7288,0
19.0762,33.0519,60.869,0
20.9698,34.6263,62.421,0
20.5206,28.6791,41.3592,0
45.0965,52.562,70.0572,0
75.5648,79.282,87.7945,0
34.1196,42.4674,57.1835,0
34.6788,46.7277,69.6665,0
25.544,45.3378,90.6453,0
18.6002,34.4341,69.4734,0
20.838,36.771,68.5337,0
21.1828,36.2673,73.2726,0
20.4679,46.4251,116.4549,0
21.181,37.378,76.6181,0
19.6307,40.2174,89.8182,0
18.8043,29.3012,48.8639,0
21.3471,42.5447,94.6891,0
15.4104,20.0626,20.3149,0
20.1776,26.6384,33.6032,0
20.4235,32.8278,57.4341,0
19.3923,27.1286,40.7411,0
24.1175,34.9346,57.1706,0
28.6561,39.1696,60.025,0
26.0888,34.9794,56.4649,0
23.7104,42.239,80.1556,0
19.9288,35.9463,66.556,0
20.2404,41.8301,93.9355,0
20.0768,23.4613,27.2653,0
38.0113,39.9379,46.0086,0
92.0782,93.0267,91.216,0
26.8486,41.3926,70.4107,0
23.6437,35.8624,56.9826,0
22.1994,38.3193,71.5216,0
17.3881,29.5334,53.6642,0
17.5272,30.2648,57.2295,0
22.9516,32.7998,53.2787,0
18.8322,28.5409,49.3483,0
18.9479,37.272,81.2542,0
22.2411,41.8402,88.1937,0
19.3031,36.7713,76.7478,0
23.6182,35.4883,58.2961,0
17.2414,25.7942,36.2826,0
19.7149,23.804,27.5843,0
31.5719,41.9227,64.5221,0
22.3203,36.4569,68.4935,0
24.0387,46.4206,98.3884,0
22.0531,43.8006,93.087,0
24.8589,42.0063,84.5226,0
25.1922,25.0638,30.6387,0
28.0062,33.4818,44.8216,0
23.1552,32.1932,50.8323,0
17.8429,20.896,22.7641,0
22.7666,28.9926,38.288,0
77.6171,78.7824,81.8799,0
33.8766,52.3908,92.688,0
28.1465,45.6104,80.0484,0
20.9681,40.7608,90.1413,0
18.3264,37.2008,77.6753,0
28.2007,34.5435,45.7726,0
34.9975,52.5425,94.9968,0
31.8313,65.7923,150.4685,0
19.3514,36.4292,73.0929,0
18.6452,30.568,55.4983,0
18.7327,38.8666,82.3095,0
19.1678,27.4949,38.8246,0
20.3078,34.8309,60.2529,0
31.629,34.0623,31.6637,0
44.847,46.4891,44.3412,0
32.4511,32.8739,40.0063,0
23.1859,25.0473,30.9861,0
23.0807,32.3539,53.4546,0
18.948,30.2487,53.247,0
25.2338,39.4613,67.4747,0
25.1289,40.2209,68.3714,0
22.9727,40.424,72.2672,0
19.4123,33.0255,57.3993,0
23.554,33.5372,49.322,0
27.6807,32.7002,38.0816,0
33.106,46.6412,74.7465,0
25.3382,47.1468,97.8723,0
35.2566,51.2229,87.9046,0
36.7356,53.4665,92.2102,0
58.7244,61.0892,59.0463,2
54.6111,56.8445,56.2807,2
28.7783,53.5787,113.1569,0
35.8032,60.071,118.604,0
42.1012,60.0388,101.6269,0
59.5009,64.9234,66.0523,2
33.8878,52.4091,87.0985,0
53.853,68.2348,89.4676,0
96.0342,92.5025,65.8738,0
33.4851,45.7409,61.6075,0
37.9697,52.5834,76.108,0
28.1448,38.7298,55.0723,0
23.4854,35.4402,57.7905,0
23.3663,34.5517,51.0538,0
24.6784,30.1039,43.4124,0
31.7746,43.3835,76.2476,0
26.794,38.2826,63.3816,0
21.2059,32.8747,53.0682,0
19.4934,27.703,42.5917,0
22.0296,32.0629,49.7664,0
38.4177,53.9509,84.1,0
40.1518,50.6012,71.4374,0
27.613,54.2903,121.6067,0
19.7736,44.4566,108.5281,0
18.5075,31.115,56.9904,0
21.268,24.21,32.2285,0
18.5882,23.1765,32.0861,0
23.1781,35.2437,63.2309,0
30.5604,31.9337,40.844,0
41.5156,42.6706,47.408,2
52.7694,54.3033,51.6205,2
66.7271,65.3606,52.4974,2
85.3099,80.4596,60.0345,2
96.3623,94.2117,71.5361,2
99.3851,102.9697,91.7427,2
83.8229,89.8476,87.2136,2
62.6846,75.1454,96.9803,2
55.6645,65.6329,78.1572,2
45.4501,46.1927,53.9852,0
43.1976,44.6786,58.1385,0
42.7949,41.7897,52.1136,0
22.4629,24.5573,26.8979,0
19.1247,25.3509,37.7454,0
21.5441,37.8577,75.0062,0
36.7101,56.4704,99.1724,0
24.4567,35.888,59.1889,0
24.0897,44.9007,97.772,0
18.15,34.5939,73.3776,0
18.4269,33.2893,64.4496,0
36.8644,51.6017,87.5261,0
20.8817,27.0085,40.0746,0
20.1695,34.1054,68.981,0
19.2401,24.2588,33.7414,0
21.8962,40.0381,77.3711,0
16.6908,28.0321,44.227,0
17.8388,22.4784,24.4923,0
19.6799,26.7736,38.8546,0
22.5328,30.875,44.9726,0
27.7018,29.3271,33.8448,0
48.9199,48.8953,48.444,0
70.6716,68.6325,57.5461,0
90.4298,86.8357,62.9927,0
113.92,107.5492,74.4322,2
115.214,110.8152,78.8659,2
103.1516,98.5299,72.2503,2
75.4068,75.5787,60.0674,2
21.3193,29.4744,49.5992,0
28.6369,52.4881,113.7328,0
28.9152,50.9722,106.7716,0
26.7039,41.149,71.9275,0
22.334,28.6055,41.1875,0
18.1937,43.4351,113.3078,0
20.0784,37.942,82.6371,0
20.0471,38.5724,79.8183,0
19.5853,34.245,59.0747,0
18.0894,22.901,31.4583,0
18.1632,21.3226,28.0572,0
24.5704,45.9246,100.128,0
16.8857,32.6821,67.543,0
16.5873,21.6983,23.7857,0
22.3662,31.1119,40.1199,0
20.225,31.9725,51.3423,0
19.9917,38.2094,81.9772,0
23.4171,24.2425,33.6502,0
25.7326,30.8626,45.3303,0
22.751,26.1909,33.7119,0
26.4926,29.1454,36.9154,0
43.3892,44.7393,47.0186,0
67.796,66.5075,56.0875,2
91.2019,88.3772,66.2547,2
28.4376,74.97,30.7587,0
29.6809,75.4181,34.5311,0
27.6813,74.1637,28.5297,0
23.0298,71.2501,34.0505,0
35.6062,83.3326,43.1254,0
62.9742,103.3698,72.6439,2
28.9429,72.5673,32.0658,0
21.5509,63.0233,22.8597,0
33.6524,80.0934,41.3185,0
70.1067,122.2806,96.332,2
58.9558,148.8949,132.4588,1
29.5512,161.8015,146.0053,1
18.2955,53.5845,17.3631,0
50.1147,96.3367,62.4806,2
62.2575,137.9819,119.349,2
39.5848,161.5297,158.0517,1
47.3895,182.295,181.6479,1
42.4078,189.8683,183.5696,1
54.9894,97.1246,68.0626,2
40.8641,116.2806,56.0311,1
34.5356,117.7226,16.3621,1
36.849,120.319,18.9973,1
32.8365,116.0484,17.9048,1
28.9114,110.8776,14.4342,1
17.7766,44.6533,8.6092,1
27.0324,55.5053,20.6274,1
84.7244,104.1199,82.5838,1
107.336,103.411,81.9538,2
34.844,116.1343,110.6505,1
13.0528,118.7336,106.0809,1
11.9058,134.1034,115.3961,1
20.4508,142.7293,125.4024,1
7.0638,110.2421,86.7237,1
19.1803,39.2232,7.5898,1
44.5667,64.6454,40.2549,1
103.3989,89.2303,64.8386,2
67.3053,118.1117,118.6835,2
40.8056,141.0307,145.4948,1
29.9016,137.8399,131.5244,1
17.9058,125.9421,110.1798,1
15.9824,125.5088,106.3332,1
7.0218,100.7578,85.5361,1
30.5244,54.9742,29.488,1
110.482,101.4667,81.2208,2
87.0897,101.5715,91.7677,2
23.0676,95.3158,101.1837,1
16.7811,95.2383,99.9518,1
16.9287,106.4168,102.4181,1
25.6459,122.8038,110.856,1
14.4063,103.1906,87.0603,1
3.9572,67.3618,52.3035,1
83.8109,96.4667,77.6036,2
129.2276,120.1932,101.8678,2
45.7447,113.7464,120.2624,1
17.0717,86.2742,91.1593,1
13.7835,79.6742,83.5892,1
18.9151,90.1123,89.5044,1
14.9734,83.5356,74.5614,1
5.1947,64.9297,53.176,1
3.8596,61.828,50.5573,1
115.7869,109.9836,82.4898,2
63.4881,126.4076,119.7183,2
22.7481,112.6298,111.6887,1
21.6744,94.2139,96.3155,1
22.7928,90.8374,93.2603,1
19.4285,85.0499,82.0671,1
23.9633,89.9842,86.3752,1
15.3071,89.2467,81.4589,1
10.2008,86.427,76.1671,1
91.2053,130.6894,117.6515,2
27.6975,131.1834,126.275,1
26.319,120.5556,118.3381,1
21.5509,101.706,98.2977,1
41.3717,119.7354,119.3183,1
38.8412,115.9713,115.1556,1
29.7343,108.2287,108.1764,1
15.955,97.9987,90.7819,1
15.7536,102.3452,86.8677,1
